[
  {
    "height": 191,
    "weight": 77,
    "bmi": "21.11",
    "timestamp": "1/1/2024 7:04:43 PM"
  },
  {
    "height": 123,
    "weight": 29,
    "bmi": "19.17",
    "timestamp": "1/1/2024 7:07:16 PM"
  },
  {
    "height": 191,
    "weight": 77,
    "bmi": {
      "bmi": "1.48",
      "interpretation": "Underweight"
    },
    "timestamp": "1/1/2024 7:18:35 PM"
  },
  {
    "height": "186",
    "weight": "119",
    "age": "22",
    "gender": "female",
    "bmi": "34.40",
    "interpretation": "Obese",
    "timestamp": "1/1/2024 7:22:44 PM"
  },
  {
    "height": "6.2",
    "weight": "150",
    "age": "19",
    "gender": "male",
    "bmi": "6048.40",
    "interpretation": "Obese",
    "timestamp": "1/1/2024 7:23:06 PM"
  },
  {
    "height": "6.2",
    "weight": "150",
    "age": "19",
    "gender": "male",
    "bmi": "2743.51",
    "interpretation": "Obese",
    "timestamp": "1/1/2024 7:24:40 PM"
  },
  {
    "height": "6.2",
    "weight": "155",
    "age": "19",
    "gender": "male",
    "bmi": "2834.96",
    "interpretation": "Obese",
    "timestamp": "1/1/2024 7:24:58 PM"
  },
  {
    "height": "6.2",
    "weight": "155",
    "age": "19",
    "gender": "male",
    "bmi": "2834.96",
    "interpretation": "Obese",
    "timestamp": "1/1/2024 7:33:16 PM"
  },
  {
    "height": "6.2",
    "weight": "155",
    "age": "21",
    "gender": "male",
    "bmi": "2834.96",
    "interpretation": "Obese",
    "timestamp": "1/1/2024 7:34:55 PM"
  },
  {
    "height": "187",
    "weight": "87",
    "age": "19",
    "gender": "male",
    "bmi": "24.88",
    "interpretation": "Normal Weight",
    "timestamp": "1/1/2024 7:35:43 PM"
  },
  {
    "height": "6.2",
    "weight": "155",
    "age": "27",
    "gender": "male",
    "bmi": "2834.96",
    "interpretation": "Obese",
    "timestamp": "1/1/2024 7:43:31 PM"
  },
  {
    "height": "6.2",
    "weight": "155",
    "age": "26",
    "gender": "male",
    "bmi": "2834.96",
    "interpretation": "Obese",
    "timestamp": "1/1/2024 7:45:23 PM"
  },
  {
    "height": "6.2",
    "weight": "155",
    "age": "26",
    "gender": "male",
    "bmi": "2903.23",
    "interpretation": "Obese",
    "timestamp": "1/1/2024 8:01:14 PM"
  },
  {
    "height": "156",
    "weight": "50",
    "age": "12",
    "gender": "male",
    "bmi": "20.55",
    "interpretation": "Normal Weight",
    "timestamp": "1/1/2024 8:04:21 PM"
  },
  {
    "height": "5.5",
    "weight": "155",
    "age": "12",
    "gender": "male",
    "bmi": "3689.26",
    "interpretation": "Obese",
    "timestamp": "1/1/2024 8:04:44 PM"
  },
  {
    "height": "5.5",
    "weight": "155",
    "age": "12",
    "gender": "male",
    "bmi": "3689.26",
    "interpretation": "Obese",
    "timestamp": "1/1/2024 8:05:13 PM"
  },
  {
    "height": "6.2",
    "weight": "155",
    "age": "22",
    "gender": "male",
    "bmi": "2903.23",
    "interpretation": "Obese",
    "timestamp": "1/1/2024 8:06:16 PM"
  },
  {
    "height": "6.2",
    "weight": "155",
    "age": "22",
    "gender": "male",
    "bmi": "40322.58",
    "interpretation": "Obese",
    "timestamp": "1/1/2024 8:07:55 PM"
  },
  {
    "height": "6.2",
    "weight": "155",
    "age": "12",
    "gender": "male",
    "bmi": "2903.23",
    "interpretation": "Obese",
    "timestamp": "1/1/2024 8:15:07 PM"
  },
  {
    "height": "6.2",
    "weight": "155",
    "age": "22",
    "gender": "male",
    "bmi": 2903.225806451612,
    "interpretation": "Obese",
    "timestamp": "1/1/2024 8:16:06 PM"
  },
  {
    "height": "6.2",
    "weight": "155",
    "age": "12",
    "gender": "male",
    "bmi": "2812.49",
    "interpretation": "Obese",
    "timestamp": "1/1/2024 8:18:29 PM"
  },
  {
    "height": "191",
    "weight": "77",
    "age": "22",
    "gender": "male",
    "bmi": "21.11",
    "interpretation": "Normal Weight",
    "timestamp": "1/1/2024 8:47:08 PM"
  },
  {
    "height": "191",
    "weight": "81",
    "age": "22",
    "gender": "male",
    "bmi": "22.20",
    "interpretation": "Normal Weight",
    "timestamp": "1/1/2024 8:56:32 PM"
  },
  {
    "height": "71",
    "weight": "140",
    "age": "18",
    "gender": "male",
    "bmi": "19.37",
    "interpretation": "Normal Weight",
    "timestamp": "1/1/2024 9:37:17 PM"
  },
  {
    "height": "62",
    "weight": "155",
    "age": "18",
    "gender": "male",
    "bmi": "28.13",
    "interpretation": "Overweight",
    "timestamp": "1/1/2024 9:37:50 PM"
  },
  {
    "height": "75",
    "weight": "170",
    "age": "18",
    "gender": "male",
    "bmi": "21.08",
    "interpretation": "Normal Weight",
    "timestamp": "1/1/2024 9:39:50 PM"
  },
  {
    "height": "188",
    "weight": "78",
    "age": "25",
    "gender": "male",
    "bmi": "22.07",
    "interpretation": "Normal Weight",
    "timestamp": "1/1/2024 9:41:46 PM"
  },
  {
    "height": "188",
    "weight": "78",
    "age": "25",
    "gender": "female",
    "bmi": "22.07",
    "interpretation": "Normal Weight",
    "timestamp": "1/1/2024 9:42:02 PM"
  }
]